id,title,score,num_comments,author,created_utc,url,over_18,edited,spoiler,stickied
18k7m2x,Apache Airflow vs Prefect in 2024 - Which to choose?,142,89,data_pipeline_guru,2024-03-06 09:15:23,https://www.reddit.com/r/dataengineering/comments/18k7m2x/apache_airflow_vs_prefect_in_2024_which_to_choose/,False,False,False,False
18k8n5y,AWS Glue vs EMR - Cost comparison for large datasets,98,45,cloud_cost_optimizer,2024-03-06 10:22:11,https://www.reddit.com/r/dataengineering/comments/18k8n5y/aws_glue_vs_emr_cost_comparison_for_large_datasets/,False,False,False,False
18k9p1z,How to handle slowly changing dimensions in modern data stack?,76,34,dimensional_modeling_fan,2024-03-06 11:45:07,https://www.reddit.com/r/dataengineering/comments/18k9p1z/how_to_handle_slowly_changing_dimensions_in_modern/,False,False,False,False
18ka2w8,Real-time streaming with Kafka vs Kinesis - Production experience,134,67,stream_processing_expert,2024-03-06 12:30:44,https://www.reddit.com/r/dataengineering/comments/18ka2w8/realtime_streaming_with_kafka_vs_kinesis_production/,False,False,False,False
18kb5t4,DBT best practices for large scale transformations,89,52,analytics_engineer,2024-03-06 13:18:29,https://www.reddit.com/r/dataengineering/comments/18kb5t4/dbt_best_practices_for_large_scale_transformations/,False,False,False,False
18kc7h9,Migrating from on-premise to cloud data warehouse,67,38,migration_specialist,2024-03-06 14:05:12,https://www.reddit.com/r/dataengineering/comments/18kc7h9/migrating_from_onpremise_to_cloud_data_warehouse/,False,False,False,False
18kd3x2,Python vs Scala for Spark development - Performance insights,112,73,spark_developer,2024-03-06 15:12:55,https://www.reddit.com/r/dataengineering/comments/18kd3x2/python_vs_scala_for_spark_development_performance/,False,False,False,False
18ke8m6,Data quality monitoring tools comparison,45,29,quality_engineer,2024-03-06 16:25:18,https://www.reddit.com/r/dataengineering/comments/18ke8m6/data_quality_monitoring_tools_comparison/,False,False,False,False
18kf1p3,Snowflake vs BigQuery vs Redshift - 2024 update,203,156,warehouse_architect,2024-03-06 17:08:41,https://www.reddit.com/r/dataengineering/comments/18kf1p3/snowflake_vs_bigquery_vs_redshift_2024_update/,False,False,False,False
18kg4r7,Docker containers for data engineering workflows,38,24,containerization_pro,2024-03-06 18:22:33,https://www.reddit.com/r/dataengineering/comments/18kg4r7/docker_containers_for_data_engineering_workflows/,False,False,False,False
18kh2s8,Event-driven data architecture with AWS Lambda,56,31,serverless_enthusiast,2024-03-06 19:15:26,https://www.reddit.com/r/dataengineering/comments/18kh2s8/eventdriven_data_architecture_with_aws_lambda/,False,False,False,False
18ki7t9,Kubernetes for data engineering - Is it worth the complexity?,91,48,k8s_data_engineer,2024-03-06 20:33:17,https://www.reddit.com/r/dataengineering/comments/18ki7t9/kubernetes_for_data_engineering_is_it_worth_the/,False,False,False,False
18kj9u1,CDC with Debezium - Real world implementation challenges,73,42,change_data_capture,2024-03-06 21:47:08,https://www.reddit.com/r/dataengineering/comments/18kj9u1/cdc_with_debezium_real_world_implementation/,False,False,False,False
18kk3v5,Data lineage tracking in complex pipelines,42,26,lineage_tracker,2024-03-06 22:18:52,https://www.reddit.com/r/dataengineering/comments/18kk3v5/data_lineage_tracking_in_complex_pipelines/,False,False,False,False
18kl8w2,Terraform for data infrastructure - Best practices,64,35,iac_specialist,2024-03-07 08:25:14,https://www.reddit.com/r/dataengineering/comments/18kl8w2/terraform_for_data_infrastructure_best_practices/,False,False,False,False
18km2x6,Machine learning feature stores comparison,87,53,ml_engineer,2024-03-07 09:41:37,https://www.reddit.com/r/dataengineering/comments/18km2x6/machine_learning_feature_stores_comparison/,False,False,False,False
18kn5y4,Building data mesh architecture - Lessons learned,156,94,data_mesh_architect,2024-03-07 10:33:29,https://www.reddit.com/r/dataengineering/comments/18kn5y4/building_data_mesh_architecture_lessons_learned/,False,False,False,False
18ko7z8,API rate limiting strategies for data ingestion,29,18,api_ingestion_expert,2024-03-07 11:52:45,https://www.reddit.com/r/dataengineering/comments/18ko7z8/api_rate_limiting_strategies_for_data_ingestion/,False,False,False,False
18kp1a3,Cost optimization for cloud data storage,78,41,cost_optimizer,2024-03-07 12:44:16,https://www.reddit.com/r/dataengineering/comments/18kp1a3/cost_optimization_for_cloud_data_storage/,False,False,False,False
18kq4b7,Monitoring and alerting for data pipelines,52,33,monitoring_specialist,2024-03-07 13:27:58,https://www.reddit.com/r/dataengineering/comments/18kq4b7/monitoring_and_alerting_for_data_pipelines/,False,False,False,False
18kr6c1,Parquet vs Delta Lake vs Iceberg for analytics,124,67,table_format_expert,2024-03-07 14:15:32,https://www.reddit.com/r/dataengineering/comments/18kr6c1/parquet_vs_delta_lake_vs_iceberg_for_analytics/,False,False,False,False
18ks8d5,Data catalog solutions - Open source vs Enterprise,95,58,catalog_curator,2024-03-07 15:09:21,https://www.reddit.com/r/dataengineering/comments/18ks8d5/data_catalog_solutions_open_source_vs_enterprise/,False,False,False,False
18kt2e9,Handling schema evolution in streaming data,68,39,schema_evolution_guru,2024-03-07 16:22:44,https://www.reddit.com/r/dataengineering/comments/18kt2e9/handling_schema_evolution_in_streaming_data/,False,False,False,False
18ku5f2,Vector databases for AI applications,114,82,vector_db_specialist,2024-03-07 17:38:13,https://www.reddit.com/r/dataengineering/comments/18ku5f2/vector_databases_for_ai_applications/,False,False,False,False
18kv7g6,Data engineering salary expectations 2024,187,124,salary_survey_bot,2024-03-07 18:45:27,https://www.reddit.com/r/dataengineering/comments/18kv7g6/data_engineering_salary_expectations_2024/,False,False,False,False